url,tag,text
http://carebridgehealth.com/contact,nav,Contact
http://carebridgehealth.com/cbproductsandservices23,nav,Products and Services
http://carebridgehealth.com/states,nav,Current Users
http://carebridgehealth.com/team2023,nav,Team
http://carebridgehealth.com/news,nav,News
http://carebridgehealth.com/,nav,Home
http://carebridgehealth.com/who-we-serve-23,nav,Who We Serve
http://carebridgehealth.com/careers,nav,Careers
http://carebridgehealth.com/cb-privacy-policy,footer,Notice of Privacy Practices
https://www.charterup.com/login/,nav,Login
https://www.charterup.com/about-us/,nav,About Us
https://www.charterup.com/blog/,nav,Blog
https://liveshopper.com/blog/,nav,Blog
https://liveshopper.com/c-sat/,nav,C-SAT
https://liveshopper.com/presto-why-presto/,nav,Why PrestoShopper?
https://insta.prestomobilesurveys.com/site/Login,nav,Clients
https://liveshopper.com/contact-us/,nav,Contact Us
https://liveshopper.com/privacy-policy/,nav,Privacy Policy
https://liveshopper.com/online-monitoring/,nav,Online Monitoring
https://liveshopper.com/dragon/,nav,Dragon
https://liveshopper.com/who-we-are/,nav,Who We Are
https://insta.prestomobilesurveys.com/site/Login,nav,Resellers
https://liveshopper.com/appeals/,nav,Appeals
https://liveshopper.com/sassie-systems/,nav,Sassie Systems
https://liveshopper.com/chameleon/,nav,Chameleon Shop Views
https://liveshopper.com/auto-correct-auto-change/,nav,Auto Correct Auto Change
https://liveshopper.com/product-overview/,nav,Product Overview
http://liveshopper.com,nav,Login
https://liveshopper.com/sassie-demos/,nav,Demos
https://liveshopper.com/audits/,nav,Audits
https://liveshopper.com/mystery-shopping/,nav,Mystery Shopping
https://flexcareinfusion.com/locations/,nav,Locations
https://flexcareinfusion.com/careers/,nav,Join Our Team
https://flexcareinfusion.com/in-network-insurers/,nav,In-Network Insurers
https://flexcareinfusion.com,nav,Providers
https://flexcareinfusion.com/referrals/,nav,Referrals
https://flexcareinfusion.com/virtual-tour/,nav,Virtual Tour
https://flexcareinfusion.com/contact-us/,nav,Contact Us
https://flexcareinfusion.com/locations/arizona/,nav,Arizona
https://flexcareinfusion.com/providers/,nav,Overview
https://flexcareinfusion.com,nav,Patients
https://flexcareinfusion.com/request-a-visit/,footer,Request a Visit
https://www.facebook.com/FlexCareInfusion,footer,Follow
https://flexcareinfusion.com/reviews,footer,410+ Reviews
https://www.linkedin.com/company/flexcareinfusion/,footer,Follow
https://www.instagram.com/flexcare_infusion/,footer,Follow
https://www.wsilogix.com,footer,Website Management by WSI Logix
https://upwardhealth.com,nav,About
https://upwardhealth.com/community-support/,nav,Our Foundation
https://upwardhealth.com/providers/,nav,For Providers
https://upwardhealth.com/leadership/board-of-directors/,nav,Board of Directors
https://upwardhealth.com/core-values/,nav,Core Values
https://upwardhealth.com/service-locations/,nav,Upward Health Locations
https://upwardhealth.com/leadership/board-of-advisors/,nav,Board of Advisors
https://upwardhealth.com/careers/,nav,Careers
http://qm7.af6.myftpupload.com/notice-of-privacy-practices/,footer,Notice of Privacy Practices
https://upwardhealth.com/category/upward-health/,footer,Upward Health
https://upwardhealth.com/author/gettingraphic/,footer,dwight
https://www.linkedin.com/company/upward-health,footer,Linkedin
https://upwardhealth.com/2023/12/19/,footer,"December 19, 2023"
https://www.marketcall.com/automatization,nav,Automatization
https://www.marketcall.com/industries#vertical-insurance,nav,Insurance
https://www.marketcall.com/affiliates,nav,For affiliatesEasily monetize your traffic
https://www.marketcall.com/tools,nav,Marketing Tools
https://www.marketcall.com/help,nav,Help center
https://www.marketcall.com/auth/register/merchant,nav,Sign up as an advertiserGet qualified leads for your business
https://www.marketcall.com/about,nav,About
https://www.marketcall.com/industries#vertical-real-estate,nav,Real Estate
https://www.marketcall.com/lead-generation,nav,Lead generation
https://www.marketcall.com/blog,nav,Blog
https://www.marketcall.com/industries#vertical-home-services,nav,Home Services
https://www.marketcall.com/support,nav,Support
https://www.marketcall.com/fraud-prevention,nav,Fraud prevention
https://www.marketcall.com/industries#vertical-rehab,nav,Rehab
https://www.marketcall.com/merchants,nav,For advertisersGet qualified leads for your business
https://www.marketcall.com/auth/login,nav,Log in
https://www.marketcall.com/hiring,nav,Vacancy
https://www.marketcall.com/payouts,nav,Payouts
https://www.marketcall.com/industries#vertical-travel,nav,Travel
https://www.marketcall.com/contact,nav,Contacts
https://www.marketcall.com/industries,nav,Industries
https://www.marketcall.com/auth/register/affiliate,nav,Sign up as an affiliateEasily monetize your traffic
https://www.marketcall.com/industries#vertical-finance,nav,Finance
https://mthink.com/best-pay-per-call-networks/,footer,mthink.com
https://www.inc.com/inc5000/2023/,footer,inc.com
https://tryfacta.com,nav,Tryfacta Federal
https://tryfacta.com/industry/communication-and-media,nav,Communication and Media
https://tryfacta.com,nav,Stuffing
https://www.tryfacta.com/career/careers#Rewards-Benefits,nav,Rewards & Benefits
https://tryfacta.com/industry/banking,nav,Banking
https://tryfacta.com/digital/cloud,nav,Cloud
https://tryfacta.com,nav,Press & Events
https://tryfacta.com/strategic-workforce-solutions/payroll,nav,Payroll
https://tryfacta.com,nav,Tryfacta Healthcare
https://tryfacta.com,nav,Workforce Solutions
https://tryfacta.com/strategic-workforce-solutions/executive-hiring,nav,Executive Hiring
https://tryfacta.com/industry/software-platform,nav,Software & Platform
https://tryfacta.com,nav,Executive Hiring
https://www.tryfacta.com/career/careers#Why-Tryfacta,nav,Be a Tryfactan
https://tryfacta.com#brand-identity,nav,Diverse Workforce
https://tryfacta.com/strategic-workforce-solutions/statement-of-work,nav,Statement of Work (SOW)
https://tryfacta.com,nav,Link 2